{
  "ASCII Anti Aliased": true,
  "Ambiguous Double Width": false,
  "Ansi 0 Color": {
    "Alpha Component": 1,
    "Blue Component": 0.21176470816135406,
    "Color Space": "sRGB",
    "Green Component": 0.16470588743686676,
    "Red Component": 0.1568627506494522
  },
  "Ansi 1 Color": {
    "Alpha Component": 1,
    "Blue Component": 0.5921568870544434,
    "Color Space": "sRGB",
    "Green Component": 0.49803921580314636,
    "Red Component": 0.9529411792755127
  },
  "Ansi 10 Color": {
    "Alpha Component": 1,
    "Blue Component": 0.7843137383460999,
    "Color Space": "sRGB",
    "Green Component": 0.8901960849761963,
    "Red Component": 0.0941176488995552
  },
  "Ansi 11 Color": {
    "Alpha Component": 1,
    "Blue Component": 0.21568627655506134,
    "Color Space": "sRGB",
    "Green Component": 0.501960813999176,
    "Red Component": 1
  },
  "Ansi 12 Color": {
    "Alpha Component": 1,
    "Blue Component": 1,
    "Color Space": "sRGB",
    "Green Component": 0.43529412150382996,
    "Red Component": 0.3333333432674408
  },
  "Ansi 13 Color": {
    "Alpha Component": 1,
    "Blue Component": 0.8196078538894653,
    "Color Space": "sRGB",
    "Green Component": 0.26274511218070984,
    "Red Component": 0.6901960968971252
  },
  "Ansi 14 Color": {
    "Alpha Component": 1,
    "Blue Component": 0.9333333373069763,
    "Color Space": "sRGB",
    "Green Component": 0.8627451062202454,
    "Red Component": 0.24705882370471954
  },
  "Ansi 15 Color": {
    "Alpha Component": 1,
    "Blue Component": 0.7568627595901489,
    "Color Space": "sRGB",
    "Green Component": 0.7450980544090271,
    "Red Component": 0.7450980544090271
  },
  "Ansi 2 Color": {
    "Alpha Component": 1,
    "Blue Component": 0.8039215803146362,
    "Color Space": "sRGB",
    "Green Component": 0.8705882430076599,
    "Red Component": 0.3529411852359772
  },
  "Ansi 3 Color": {
    "Alpha Component": 1,
    "Blue Component": 0.4470588266849518,
    "Color Space": "sRGB",
    "Green Component": 0.6352941393852234,
    "Red Component": 0.9490196108818054
  },
  "Ansi 4 Color": {
    "Alpha Component": 1,
    "Blue Component": 0.95686274766922,
    "Color Space": "sRGB",
    "Green Component": 0.5921568870544434,
    "Red Component": 0.5333333611488342
  },
  "Ansi 5 Color": {
    "Alpha Component": 1,
    "Blue Component": 0.8666666746139526,
    "Color Space": "sRGB",
    "Green Component": 0.45490196347236633,
    "Red Component": 0.772549033164978
  },
  "Ansi 6 Color": {
    "Alpha Component": 1,
    "Blue Component": 0.9529411792755127,
    "Color Space": "sRGB",
    "Green Component": 0.9019607901573181,
    "Red Component": 0.4745098054409027
  },
  "Ansi 7 Color": {
    "Alpha Component": 1,
    "Blue Component": 0.9921568632125854,
    "Color Space": "sRGB",
    "Green Component": 0.9921568632125854,
    "Red Component": 0.9921568632125854
  },
  "Ansi 8 Color": {
    "Alpha Component": 1,
    "Blue Component": 0.3450980484485626,
    "Color Space": "sRGB",
    "Green Component": 0.2666666805744171,
    "Red Component": 0.2549019753932953
  },
  "Ansi 9 Color": {
    "Alpha Component": 1,
    "Blue Component": 0.4431372582912445,
    "Color Space": "sRGB",
    "Green Component": 0.2862745225429535,
    "Red Component": 1
  },
  "BM Growl": true,
  "Background Color": {
    "Alpha Component": 1,
    "Blue Component": 0.1568627506494522,
    "Color Space": "sRGB",
    "Green Component": 0.12156862765550613,
    "Red Component": 0.11372549086809158
  },
  "Background Image Location": "",
  "Badge Color": {
    "Alpha Component": 0.5,
    "Blue Component": 0,
    "Color Space": "sRGB",
    "Green Component": 0.1491314172744751,
    "Red Component": 1
  },
  "Blink Allowed": true,
  "Blinking Cursor": true,
  "Blur": false,
  "Bold Color": {
    "Alpha Component": 1,
    "Blue Component": 1,
    "Color Space": "sRGB",
    "Green Component": 1,
    "Red Component": 0.9999960064888
  },
  "Character Encoding": 4,
  "Close Sessions On End": true,
  "Columns": 80,
  "Command": "",
  "Cursor Color": {
    "Alpha Component": 1,
    "Blue Component": 0.8666666746139526,
    "Color Space": "sRGB",
    "Green Component": 0.45490196347236633,
    "Red Component": 0.772549033164978
  },
  "Cursor Guide Color": {
    "Alpha Component": 0.25,
    "Blue Component": 1,
    "Color Space": "sRGB",
    "Green Component": 0.9268307089805603,
    "Red Component": 0.7021318674087524
  },
  "Cursor Text Color": {
    "Alpha Component": 1,
    "Blue Component": 1,
    "Color Space": "sRGB",
    "Green Component": 1,
    "Red Component": 0.9999960064888
  },
  "Custom Command": "No",
  "Custom Directory": "No",
  "Default Bookmark": "No",
  "Description": "Default",
  "Disable Window Resizing": true,
  "Flashing Bell": true,
  "Foreground Color": {
    "Alpha Component": 1,
    "Blue Component": 0.9921568632125854,
    "Color Space": "sRGB",
    "Green Component": 0.9921568632125854,
    "Red Component": 0.9921568632125854
  },
  "Guid": "57BC0C9F-4584-410C-A030-71FFAF8E7CE6",
  "Horizontal Spacing": 1,
  "Idle Code": 0,
  "Jobs to Ignore": [
    "rlogin",
    "ssh",
    "slogin",
    "telnet"
  ],
  "Keyboard Map": {
    "0x2a-0x200000": {
      "Action": 12,
      "Text": "*"
    },
    "0x2b-0x200000": {
      "Action": 12,
      "Text": "+"
    },
    "0x2d-0x200000": {
      "Action": 12,
      "Text": "-"
    },
    "0x2d-0x40000": {
      "Action": 11,
      "Text": "0x1f"
    },
    "0x2e-0x200000": {
      "Action": 12,
      "Text": "."
    },
    "0x2f-0x200000": {
      "Action": 12,
      "Text": "/"
    },
    "0x3-0x200000": {
      "Action": 11,
      "Text": "0xd"
    },
    "0x30-0x200000": {
      "Action": 12,
      "Text": "0"
    },
    "0x31-0x200000": {
      "Action": 12,
      "Text": "1"
    },
    "0x32-0x200000": {
      "Action": 12,
      "Text": "2"
    },
    "0x32-0x40000": {
      "Action": 11,
      "Text": "0x00"
    },
    "0x33-0x200000": {
      "Action": 12,
      "Text": "3"
    },
    "0x33-0x40000": {
      "Action": 11,
      "Text": "0x1b"
    },
    "0x34-0x200000": {
      "Action": 12,
      "Text": "4"
    },
    "0x34-0x40000": {
      "Action": 11,
      "Text": "0x1c"
    },
    "0x35-0x200000": {
      "Action": 12,
      "Text": "5"
    },
    "0x35-0x40000": {
      "Action": 11,
      "Text": "0x1d"
    },
    "0x36-0x200000": {
      "Action": 12,
      "Text": "6"
    },
    "0x36-0x40000": {
      "Action": 11,
      "Text": "0x1e"
    },
    "0x37-0x200000": {
      "Action": 12,
      "Text": "7"
    },
    "0x37-0x40000": {
      "Action": 11,
      "Text": "0x1f"
    },
    "0x38-0x200000": {
      "Action": 12,
      "Text": "8"
    },
    "0x38-0x40000": {
      "Action": 11,
      "Text": "0x7f"
    },
    "0x39-0x200000": {
      "Action": 12,
      "Text": "9"
    },
    "0x7f-0x100000": {
      "Action": 11,
      "Text": "0x15"
    },
    "0x7f-0x80000": {
      "Action": 11,
      "Text": "0x1b 0x7f"
    },
    "0xf700-0x220000": {
      "Action": 10,
      "Text": "[1;2A"
    },
    "0xf700-0x240000": {
      "Action": 10,
      "Text": "[1;5A"
    },
    "0xf700-0x260000": {
      "Action": 10,
      "Text": "[1;6A"
    },
    "0xf701-0x220000": {
      "Action": 10,
      "Text": "[1;2B"
    },
    "0xf701-0x240000": {
      "Action": 10,
      "Text": "[1;5B"
    },
    "0xf701-0x260000": {
      "Action": 10,
      "Text": "[1;6B"
    },
    "0xf702-0x220000": {
      "Action": 10,
      "Text": "[1;2D"
    },
    "0xf702-0x240000": {
      "Action": 10,
      "Text": "[1;5D"
    },
    "0xf702-0x260000": {
      "Action": 10,
      "Text": "[1;6D"
    },
    "0xf702-0x280000": {
      "Action": 10,
      "Text": "b"
    },
    "0xf703-0x220000": {
      "Action": 10,
      "Text": "[1;2C"
    },
    "0xf703-0x240000": {
      "Action": 10,
      "Text": "[1;5C"
    },
    "0xf703-0x260000": {
      "Action": 10,
      "Text": "[1;6C"
    },
    "0xf703-0x280000": {
      "Action": 10,
      "Text": "f"
    },